first_name,last_name,identification,has_access
John,Doe,1001,true
Jane,Smith,1002,false
Michael,Johnson,1003,true
Emily,Brown,1004,false
David,Williams,1005,true
Sarah,Jones,1006,false
James,Garcia,1007,true
Linda,Miller,1008,false
Robert,Davis,1009,true
Patricia,Rodriguez,1010,false
William,Martinez,1011,true
Elizabeth,Hernandez,1012,false
Christopher,Lopez,1013,true
Jennifer,Gonzalez,1014,false
Joseph,Wilson,1015,true
Maria,Anderson,1016,false
Thomas,Taylor,1017,true
Susan,Thomas,1018,false
Daniel,Moore,1019,true
Margaret,Jackson,1020,false